CREATE DATABASE  IF NOT EXISTS `student1` /*!40100 DEFAULT CHARACTER SET utf8 */;
USE `student1`;
-- MySQL dump 10.13  Distrib 8.0.13, for Win64 (x86_64)
--
-- Host: localhost    Database: student1
-- ------------------------------------------------------
-- Server version	8.0.13

/*!40101 SET @OLD_CHARACTER_SET_CLIENT=@@CHARACTER_SET_CLIENT */;
/*!40101 SET @OLD_CHARACTER_SET_RESULTS=@@CHARACTER_SET_RESULTS */;
/*!40101 SET @OLD_COLLATION_CONNECTION=@@COLLATION_CONNECTION */;
 SET NAMES utf8 ;
/*!40103 SET @OLD_TIME_ZONE=@@TIME_ZONE */;
/*!40103 SET TIME_ZONE='+00:00' */;
/*!40014 SET @OLD_UNIQUE_CHECKS=@@UNIQUE_CHECKS, UNIQUE_CHECKS=0 */;
/*!40014 SET @OLD_FOREIGN_KEY_CHECKS=@@FOREIGN_KEY_CHECKS, FOREIGN_KEY_CHECKS=0 */;
/*!40101 SET @OLD_SQL_MODE=@@SQL_MODE, SQL_MODE='NO_AUTO_VALUE_ON_ZERO' */;
/*!40111 SET @OLD_SQL_NOTES=@@SQL_NOTES, SQL_NOTES=0 */;

--
-- Table structure for table `address`
--

DROP TABLE IF EXISTS `address`;
/*!40101 SET @saved_cs_client     = @@character_set_client */;
 SET character_set_client = utf8mb4 ;
CREATE TABLE `address` (
  `id` int(11) NOT NULL AUTO_INCREMENT,
  `studentId` int(11) DEFAULT NULL,
  `phone` varchar(50) DEFAULT NULL,
  `address` varchar(500) CHARACTER SET utf8 COLLATE utf8_general_ci DEFAULT NULL,
  PRIMARY KEY (`id`),
  KEY `FK_Address_Student` (`studentId`),
  CONSTRAINT `FK_Address_Student` FOREIGN KEY (`studentId`) REFERENCES `student` (`id`)
) ENGINE=InnoDB AUTO_INCREMENT=2 DEFAULT CHARSET=utf8;
/*!40101 SET character_set_client = @saved_cs_client */;

--
-- Dumping data for table `address`
--

LOCK TABLES `address` WRITE;
/*!40000 ALTER TABLE `address` DISABLE KEYS */;
INSERT INTO `address` VALUES (1,1,'010-111-2222','서울시 구로구');
/*!40000 ALTER TABLE `address` ENABLE KEYS */;
UNLOCK TABLES;

--
-- Table structure for table `course`
--

DROP TABLE IF EXISTS `course`;
/*!40101 SET @saved_cs_client     = @@character_set_client */;
 SET character_set_client = utf8mb4 ;
CREATE TABLE `course` (
  `id` int(11) NOT NULL AUTO_INCREMENT,
  `courseName` varchar(50) CHARACTER SET utf8mb4 COLLATE utf8mb4_0900_ai_ci NOT NULL,
  `departmentId` int(11) NOT NULL,
  `unit` int(11) NOT NULL,
  `professorId` int(11) NOT NULL,
  `startDate` date DEFAULT NULL,
  PRIMARY KEY (`id`),
  KEY `FK_Course_Professor` (`professorId`),
  KEY `FK_Course_Department` (`departmentId`),
  CONSTRAINT `FK_Course_Department` FOREIGN KEY (`departmentId`) REFERENCES `department` (`id`),
  CONSTRAINT `FK_Course_Professor` FOREIGN KEY (`professorId`) REFERENCES `professor` (`id`)
) ENGINE=InnoDB AUTO_INCREMENT=8 DEFAULT CHARSET=utf8;
/*!40101 SET character_set_client = @saved_cs_client */;

--
-- Dumping data for table `course`
--

LOCK TABLES `course` WRITE;
/*!40000 ALTER TABLE `course` DISABLE KEYS */;
INSERT INTO `course` VALUES (1,'국어',1,3,1,'2017-03-02'),(2,'문학',1,3,2,'2017-03-02'),(3,'고전',1,3,1,'2016-09-01'),(4,'영어',2,3,3,'2016-09-01'),(5,'영문학',2,3,3,'2016-09-01'),(6,'불어',3,3,4,'2017-03-02'),(7,'불문학',3,3,4,'2017-03-02');
/*!40000 ALTER TABLE `course` ENABLE KEYS */;
UNLOCK TABLES;

--
-- Table structure for table `department`
--

DROP TABLE IF EXISTS `department`;
/*!40101 SET @saved_cs_client     = @@character_set_client */;
 SET character_set_client = utf8mb4 ;
CREATE TABLE `department` (
  `id` int(11) NOT NULL AUTO_INCREMENT,
  `departmentName` varchar(50) CHARACTER SET utf8mb4 COLLATE utf8mb4_0900_ai_ci NOT NULL,
  PRIMARY KEY (`id`)
) ENGINE=InnoDB AUTO_INCREMENT=8 DEFAULT CHARSET=utf8;
/*!40101 SET character_set_client = @saved_cs_client */;

--
-- Dumping data for table `department`
--

LOCK TABLES `department` WRITE;
/*!40000 ALTER TABLE `department` DISABLE KEYS */;
INSERT INTO `department` VALUES (1,'국어국문학'),(2,'영어영문학'),(3,'불어불문학'),(4,'소프트웨어공학과'),(5,'컴퓨터공학과'),(6,'정보통신공학과'),(7,'글로컬IT공학과');
/*!40000 ALTER TABLE `department` ENABLE KEYS */;
UNLOCK TABLES;

--
-- Table structure for table `professor`
--

DROP TABLE IF EXISTS `professor`;
/*!40101 SET @saved_cs_client     = @@character_set_client */;
 SET character_set_client = utf8mb4 ;
CREATE TABLE `professor` (
  `id` int(11) NOT NULL,
  `professorName` varchar(50) CHARACTER SET utf8mb4 COLLATE utf8mb4_0900_ai_ci NOT NULL,
  `departmentId` int(11) NOT NULL,
  PRIMARY KEY (`id`),
  KEY `FK_Professor_Department` (`departmentId`),
  CONSTRAINT `FK_Professor_Department` FOREIGN KEY (`departmentId`) REFERENCES `department` (`id`)
) ENGINE=InnoDB DEFAULT CHARSET=utf8;
/*!40101 SET character_set_client = @saved_cs_client */;

--
-- Dumping data for table `professor`
--

LOCK TABLES `professor` WRITE;
/*!40000 ALTER TABLE `professor` DISABLE KEYS */;
INSERT INTO `professor` VALUES (1,'김국어',1),(2,'이문학',1),(3,'박영어',2),(4,'홍불어',3),(5,'이승진',4),(6,'홍은지',4),(7,'노은하',4),(8,'유상신',4),(9,'임형',4);
/*!40000 ALTER TABLE `professor` ENABLE KEYS */;
UNLOCK TABLES;

--
-- Table structure for table `register`
--

DROP TABLE IF EXISTS `register`;
/*!40101 SET @saved_cs_client     = @@character_set_client */;
 SET character_set_client = utf8mb4 ;
CREATE TABLE `register` (
  `id` int(11) NOT NULL AUTO_INCREMENT,
  `studentId` int(11) NOT NULL,
  `courseId` int(11) NOT NULL,
  `grade` int(11) DEFAULT NULL,
  `createDate` date DEFAULT NULL,
  PRIMARY KEY (`id`),
  KEY `FK_Register_Course` (`courseId`),
  KEY `FK_Register_Student` (`studentId`),
  CONSTRAINT `FK_Register_Course` FOREIGN KEY (`courseId`) REFERENCES `course` (`id`),
  CONSTRAINT `FK_Register_Student` FOREIGN KEY (`studentId`) REFERENCES `student` (`id`)
) ENGINE=InnoDB AUTO_INCREMENT=1133 DEFAULT CHARSET=utf8;
/*!40101 SET character_set_client = @saved_cs_client */;

--
-- Dumping data for table `register`
--

LOCK TABLES `register` WRITE;
/*!40000 ALTER TABLE `register` DISABLE KEYS */;
INSERT INTO `register` VALUES (1,1,2,NULL,'2010-01-01'),(2,1,3,NULL,'2010-01-02'),(3,1,1,24,'2010-01-02'),(4,2,1,70,'2010-01-02'),(5,2,3,90,'2010-01-02'),(6,2,2,90,'2010-02-03'),(7,2,5,80,'2010-02-03'),(8,2,4,90,'2010-02-03'),(9,2,6,70,NULL),(10,2,7,80,NULL),(11,3,1,90,NULL),(12,3,3,80,NULL),(13,3,7,NULL,NULL),(14,3,2,70,NULL),(15,3,5,80,NULL),(16,3,4,90,NULL),(17,3,6,90,NULL),(18,4,1,80,NULL),(19,4,3,80,NULL),(20,4,2,90,NULL),(21,4,5,70,NULL),(22,4,4,100,NULL),(23,4,6,60,NULL),(24,4,7,90,NULL),(25,5,1,100,NULL),(26,5,3,80,NULL),(27,5,2,60,NULL),(28,5,5,90,NULL),(29,5,4,90,NULL),(30,5,6,70,NULL),(31,5,7,60,NULL),(32,6,1,80,NULL),(33,6,3,90,NULL),(34,6,2,100,NULL),(35,6,5,70,NULL),(36,6,4,80,NULL),(37,6,6,70,NULL),(38,6,7,70,NULL),(39,7,1,90,NULL),(40,7,3,90,NULL),(41,7,2,80,NULL),(42,7,5,90,NULL),(43,7,4,80,NULL),(44,7,6,90,NULL),(45,7,7,80,NULL),(46,8,1,80,NULL),(47,8,3,100,NULL),(48,8,2,70,NULL),(49,8,5,70,NULL),(50,8,4,80,NULL),(51,8,6,70,NULL),(52,8,7,80,NULL),(53,9,1,100,NULL),(54,9,3,90,NULL),(55,9,2,90,NULL),(56,9,5,70,NULL),(57,9,4,90,NULL),(58,9,6,90,NULL),(59,9,7,90,NULL),(60,10,1,70,NULL),(61,10,3,90,NULL),(62,10,2,70,NULL),(63,10,5,80,NULL),(64,10,4,90,NULL),(65,10,6,70,NULL),(66,10,7,90,NULL),(67,11,1,90,NULL),(68,11,3,90,NULL),(69,11,2,80,NULL),(70,11,5,90,NULL),(71,11,4,100,NULL),(72,11,6,70,NULL),(73,11,7,70,NULL),(74,12,1,60,NULL),(75,12,3,80,NULL),(76,12,2,80,NULL),(77,12,5,70,NULL),(78,12,4,90,NULL),(79,12,6,80,NULL),(80,12,7,90,NULL),(81,13,1,90,NULL),(82,13,3,80,NULL),(83,13,2,90,NULL),(84,13,5,100,NULL),(85,13,4,80,NULL),(86,13,6,80,NULL),(87,13,7,80,NULL),(88,14,1,80,NULL),(89,14,3,80,NULL),(90,14,2,80,NULL),(91,14,5,90,NULL),(92,14,4,80,NULL),(93,14,6,80,NULL),(94,14,7,80,NULL),(95,15,1,80,NULL),(96,15,3,90,NULL),(97,15,2,100,NULL),(98,15,5,80,NULL),(99,15,4,100,NULL),(100,15,6,80,NULL),(101,15,7,70,NULL),(102,16,1,90,NULL),(103,16,3,90,NULL),(104,16,2,70,NULL),(105,16,5,80,NULL),(106,16,4,90,NULL),(107,16,6,70,NULL),(108,16,7,70,NULL),(109,17,1,80,NULL),(110,17,3,100,NULL),(111,17,2,90,NULL),(112,17,5,80,NULL),(113,17,4,80,NULL),(114,17,6,90,NULL),(115,17,7,90,NULL),(116,18,1,100,NULL),(117,18,3,90,NULL),(118,18,2,60,NULL),(119,18,5,70,NULL),(120,18,4,90,NULL),(121,18,6,70,NULL),(122,18,7,70,NULL),(123,19,1,80,NULL),(124,19,3,80,NULL),(125,19,2,90,NULL),(126,19,5,90,NULL),(127,19,4,90,NULL),(128,19,6,90,NULL),(129,19,7,90,NULL),(130,20,1,90,NULL),(131,20,3,80,NULL),(132,20,2,80,NULL),(133,20,5,70,NULL),(134,20,4,80,NULL),(135,20,6,70,NULL),(136,20,7,70,NULL),(137,21,1,80,NULL),(138,21,3,70,NULL),(139,21,2,80,NULL),(140,21,5,90,NULL),(141,21,4,80,NULL),(142,21,6,70,NULL),(143,21,7,70,NULL),(144,22,1,100,NULL),(145,22,3,80,NULL),(146,22,2,90,NULL),(147,22,5,80,NULL),(148,22,4,80,NULL),(149,22,6,80,NULL),(150,22,7,80,NULL),(151,23,1,70,NULL),(152,23,3,80,NULL),(153,23,2,80,NULL),(154,23,5,80,NULL),(155,23,4,90,NULL),(156,23,6,90,NULL),(157,23,7,90,NULL),(158,24,1,90,NULL),(159,24,3,90,NULL),(160,24,2,100,NULL),(161,24,5,100,NULL),(162,24,4,80,NULL),(163,24,6,70,NULL),(164,24,7,70,NULL),(165,25,1,60,NULL),(166,25,3,90,NULL),(167,25,2,80,NULL),(168,25,5,70,NULL),(169,25,4,90,NULL),(170,25,6,100,NULL),(171,25,7,100,NULL),(172,26,1,90,NULL),(173,26,3,80,NULL),(174,26,2,70,NULL),(175,26,5,80,NULL),(176,26,4,90,NULL),(177,26,6,90,NULL),(178,26,7,90,NULL),(179,27,1,80,NULL),(180,27,3,80,NULL),(181,27,2,90,NULL),(182,27,5,90,NULL),(183,27,4,100,NULL),(184,27,6,80,NULL),(185,27,7,80,NULL),(186,28,1,80,NULL),(187,28,3,80,NULL),(188,28,2,80,NULL),(189,28,5,90,NULL),(190,28,4,90,NULL),(191,28,6,80,NULL),(192,28,7,80,NULL),(193,29,1,90,NULL),(194,29,3,90,NULL),(195,29,2,70,NULL),(196,29,5,80,NULL),(197,29,4,80,NULL),(198,29,6,80,NULL),(199,29,7,80,NULL),(200,30,1,90,NULL),(201,30,3,90,NULL),(202,30,2,90,NULL),(203,30,5,80,NULL),(204,30,4,80,NULL),(205,30,6,70,NULL),(206,30,7,70,NULL),(207,31,1,90,NULL),(208,31,3,100,NULL),(209,31,2,60,NULL),(210,31,5,80,NULL),(211,31,4,100,NULL),(212,31,6,90,NULL),(213,31,7,90,NULL),(214,32,1,80,NULL),(215,32,3,90,NULL),(216,32,2,90,NULL),(217,32,5,90,NULL),(218,32,4,90,NULL),(219,32,6,70,NULL),(220,32,7,70,NULL),(221,33,1,100,NULL),(222,33,3,80,NULL),(223,33,2,80,NULL),(224,33,5,80,NULL),(225,33,4,80,NULL),(226,33,6,90,NULL),(227,33,7,90,NULL),(228,34,1,80,NULL),(229,34,3,80,NULL),(230,34,2,80,NULL),(231,34,5,70,NULL),(232,34,4,80,NULL),(233,34,6,80,NULL),(234,34,7,80,NULL),(235,35,1,100,NULL),(236,35,3,100,NULL),(237,35,2,90,NULL),(238,35,5,90,NULL),(239,35,4,80,NULL),(240,35,6,80,NULL),(241,35,7,80,NULL),(242,36,1,70,NULL),(243,36,3,80,NULL),(244,36,2,90,NULL),(245,36,5,70,NULL),(246,36,4,80,NULL),(247,36,6,100,NULL),(248,36,7,100,NULL),(249,37,1,90,NULL),(250,37,3,70,NULL),(251,37,2,70,NULL),(252,37,5,90,NULL),(253,37,4,90,NULL),(254,37,6,70,NULL),(255,37,7,70,NULL),(256,38,1,60,NULL),(257,38,3,90,NULL),(258,38,2,80,NULL),(259,38,5,80,NULL),(260,38,4,90,NULL),(261,38,6,80,NULL),(262,38,7,80,NULL),(263,39,1,100,NULL),(264,39,3,80,NULL),(265,39,2,100,NULL),(266,39,5,80,NULL),(267,39,4,100,NULL),(268,39,6,70,NULL),(269,39,7,90,NULL),(270,40,1,80,NULL),(271,40,3,70,NULL),(272,40,2,90,NULL),(273,40,5,100,NULL),(274,40,4,90,NULL),(275,40,6,90,NULL),(276,40,7,90,NULL),(277,41,1,80,NULL),(278,41,3,90,NULL),(279,41,2,80,NULL),(280,41,5,90,NULL),(281,41,4,80,NULL),(282,41,6,70,NULL),(283,41,7,80,NULL),(284,42,1,90,NULL),(285,42,3,60,NULL),(286,42,2,70,NULL),(287,42,5,80,NULL),(288,42,4,80,NULL),(289,42,6,90,NULL),(290,42,7,80,NULL),(291,43,1,90,NULL),(292,43,3,90,NULL),(293,43,2,90,NULL),(294,43,5,70,NULL),(295,43,4,100,NULL),(296,43,6,70,NULL),(297,43,7,80,NULL),(298,44,1,100,NULL),(299,44,3,80,NULL),(300,44,2,60,NULL),(301,44,5,80,NULL),(302,44,4,80,NULL),(303,44,6,70,NULL),(304,44,7,90,NULL),(305,45,1,100,NULL),(306,45,3,80,NULL),(307,45,2,100,NULL),(308,45,5,80,NULL),(309,45,4,70,NULL),(310,45,6,80,NULL),(311,45,7,80,NULL),(312,46,1,90,NULL),(313,46,3,90,NULL),(314,46,2,80,NULL),(315,46,5,90,NULL),(316,46,4,90,NULL),(317,46,6,70,NULL),(318,46,7,70,NULL),(319,47,1,80,NULL),(320,47,3,90,NULL),(321,47,2,80,NULL),(322,47,5,90,NULL),(323,47,4,80,NULL),(324,47,6,90,NULL),(325,47,7,90,NULL),(326,48,1,90,NULL),(327,48,3,70,NULL),(328,48,2,90,NULL),(329,48,5,100,NULL),(330,48,4,70,NULL),(331,48,6,70,NULL),(332,48,7,70,NULL),(333,49,1,80,NULL),(334,49,3,80,NULL),(335,49,2,90,NULL),(336,49,5,90,NULL),(337,49,4,90,NULL),(338,49,6,90,NULL),(339,49,7,90,NULL),(340,50,1,100,NULL),(341,50,3,90,NULL),(342,50,2,100,NULL),(343,50,5,80,NULL),(344,50,4,60,NULL),(345,50,6,80,NULL),(346,50,7,80,NULL),(347,51,1,80,NULL),(348,51,3,90,NULL),(349,51,2,90,NULL),(350,51,5,70,NULL),(351,51,4,90,NULL),(352,51,6,80,NULL),(353,51,7,80,NULL),(354,52,1,90,NULL),(355,52,3,80,NULL),(356,52,2,80,NULL),(357,52,5,100,NULL),(358,52,4,80,NULL),(359,52,6,100,NULL),(360,52,7,100,NULL),(361,53,1,80,NULL),(362,53,3,80,NULL),(363,53,2,80,NULL),(364,53,5,80,NULL),(365,53,4,80,NULL),(366,53,6,90,NULL),(367,53,7,90,NULL),(368,54,1,80,NULL),(369,54,3,80,NULL),(370,54,2,70,NULL),(371,54,5,70,NULL),(372,54,4,80,NULL),(373,54,6,80,NULL),(374,54,7,80,NULL),(375,55,1,90,NULL),(376,55,3,90,NULL),(377,55,2,80,NULL),(378,55,5,90,NULL),(379,55,4,90,NULL),(380,55,6,70,NULL),(381,55,7,70,NULL),(382,56,1,90,NULL),(383,56,3,90,NULL),(384,56,2,100,NULL),(385,56,5,80,NULL),(386,56,4,90,NULL),(387,56,6,80,NULL),(388,56,7,80,NULL),(389,57,1,100,NULL),(390,57,3,100,NULL),(391,57,2,80,NULL),(392,57,5,70,NULL),(393,57,4,100,NULL),(394,57,6,80,NULL),(395,57,7,80,NULL),(396,58,1,100,NULL),(397,58,3,90,NULL),(398,58,2,90,NULL),(399,58,5,90,NULL),(400,58,4,90,NULL),(401,58,6,90,NULL),(402,58,7,90,NULL),(403,59,1,90,NULL),(404,59,3,80,NULL),(405,59,2,80,NULL),(406,59,5,60,NULL),(407,59,4,80,NULL),(408,59,7,90,NULL),(409,59,6,90,NULL),(410,60,1,80,NULL),(411,60,3,80,NULL),(412,60,2,80,NULL),(413,60,5,90,NULL),(414,60,4,80,NULL),(415,60,7,100,NULL),(416,60,6,100,NULL),(417,61,1,100,NULL),(418,61,2,90,NULL),(419,61,3,100,NULL),(420,61,5,70,NULL),(421,61,4,100,NULL),(422,61,7,90,NULL),(423,61,6,90,NULL),(424,62,1,70,NULL),(425,62,2,90,NULL),(426,62,3,90,NULL),(427,62,5,80,NULL),(428,62,4,90,NULL),(429,62,7,80,NULL),(430,62,6,80,NULL),(431,63,1,90,NULL),(432,63,2,100,NULL),(433,63,3,80,NULL),(434,63,5,80,NULL),(435,63,4,80,NULL),(436,63,7,70,NULL),(437,63,6,70,NULL),(438,64,1,80,NULL),(439,64,2,100,NULL),(440,64,3,80,NULL),(441,64,5,90,NULL),(442,64,4,90,NULL),(443,64,7,100,NULL),(444,64,6,100,NULL),(445,65,1,100,NULL),(446,65,2,90,NULL),(447,65,3,70,NULL),(448,65,5,90,NULL),(449,65,4,100,NULL),(450,65,7,80,NULL),(451,65,6,80,NULL),(452,66,1,70,NULL),(453,66,2,80,NULL),(454,66,3,80,NULL),(455,66,5,100,NULL),(456,66,4,90,NULL),(457,66,7,70,NULL),(458,66,6,70,NULL),(459,67,1,90,NULL),(460,67,2,90,NULL),(461,67,3,90,NULL),(462,67,5,90,NULL),(463,67,4,80,NULL),(464,67,7,90,NULL),(465,67,6,90,NULL),(466,68,1,90,NULL),(467,68,2,80,NULL),(468,68,3,90,NULL),(469,68,5,80,NULL),(470,68,4,80,NULL),(471,68,7,80,NULL),(472,68,6,80,NULL),(473,69,1,90,NULL),(474,69,2,90,NULL),(475,69,3,80,NULL),(476,69,5,80,NULL),(477,69,4,100,NULL),(478,69,7,70,NULL),(479,69,6,70,NULL),(480,70,1,100,NULL),(481,70,2,80,NULL),(482,70,3,80,NULL),(483,70,5,100,NULL),(484,70,4,90,NULL),(485,70,7,90,NULL),(486,70,6,90,NULL),(487,71,1,100,NULL),(488,71,2,100,NULL),(489,71,3,80,NULL),(490,71,5,90,NULL),(491,71,4,80,NULL),(492,71,7,60,NULL),(493,71,6,60,NULL),(494,72,1,90,NULL),(495,72,2,70,NULL),(496,72,3,90,NULL),(497,72,5,80,NULL),(498,72,4,80,NULL),(499,72,7,90,NULL),(500,72,6,90,NULL),(501,73,1,80,NULL),(502,73,2,90,NULL),(503,73,3,90,NULL),(504,73,5,90,NULL),(505,73,4,70,NULL),(506,73,7,70,NULL),(507,73,6,70,NULL),(508,74,1,100,NULL),(509,74,2,90,NULL),(510,74,3,100,NULL),(511,74,5,100,NULL),(512,74,4,80,NULL),(513,74,7,80,NULL),(514,74,6,80,NULL),(515,75,1,70,NULL),(516,75,2,90,NULL),(517,75,3,90,NULL),(518,75,5,90,NULL),(519,75,4,90,NULL),(520,75,7,80,NULL),(521,75,6,80,NULL),(522,76,1,90,NULL),(523,76,2,100,NULL),(524,76,3,80,NULL),(525,76,5,80,NULL),(526,76,4,80,NULL),(527,76,7,90,NULL),(528,76,6,90,NULL),(529,77,1,60,NULL),(530,77,2,100,NULL),(531,77,3,80,NULL),(532,77,5,80,NULL),(533,77,4,90,NULL),(534,77,7,90,NULL),(535,77,6,90,NULL),(536,78,1,90,NULL),(537,78,2,90,NULL),(538,78,3,90,NULL),(539,78,5,100,NULL),(540,78,4,90,NULL),(541,78,7,100,NULL),(542,78,6,100,NULL),(543,79,1,80,NULL),(544,79,2,80,NULL),(545,79,3,80,NULL),(546,79,5,80,NULL),(547,79,4,100,NULL),(548,79,7,90,NULL),(549,79,6,90,NULL),(550,80,1,80,NULL),(551,80,2,100,NULL),(552,80,3,90,NULL),(553,80,5,80,NULL),(554,80,4,90,NULL),(555,80,7,90,NULL),(556,80,6,80,NULL),(557,81,1,90,NULL),(558,81,2,70,NULL),(559,81,3,80,NULL),(560,81,5,80,NULL),(561,81,4,80,NULL),(562,81,7,70,NULL),(563,81,6,70,NULL),(564,82,1,90,NULL),(565,82,2,90,NULL),(566,82,3,100,NULL),(567,82,5,90,NULL),(568,82,4,80,NULL),(569,82,7,70,NULL),(570,82,6,100,NULL),(571,83,1,100,NULL),(572,83,2,80,NULL),(573,83,3,70,NULL),(574,83,5,80,NULL),(575,83,4,100,NULL),(576,83,7,90,NULL),(577,83,6,90,NULL),(578,84,1,100,NULL),(579,84,2,90,NULL),(580,84,3,90,NULL),(581,84,5,90,NULL),(582,84,4,90,NULL),(583,84,7,60,NULL),(584,84,6,80,NULL),(585,85,1,90,NULL),(586,85,2,80,NULL),(587,85,3,90,NULL),(588,85,5,80,NULL),(589,85,4,80,NULL),(590,85,7,70,NULL),(591,85,6,90,NULL),(592,86,1,80,NULL),(593,86,2,80,NULL),(594,86,3,90,NULL),(595,86,5,90,NULL),(596,86,4,90,NULL),(597,86,7,80,NULL),(598,86,6,100,NULL),(599,87,1,100,NULL),(600,87,2,90,NULL),(601,87,3,90,NULL),(602,87,5,90,NULL),(603,87,4,80,NULL),(604,87,7,80,NULL),(605,87,6,90,NULL),(606,88,1,70,NULL),(607,88,2,90,NULL),(608,88,3,90,NULL),(609,88,5,100,NULL),(610,88,4,90,NULL),(611,88,7,90,NULL),(612,88,6,80,NULL),(613,89,1,90,NULL),(614,89,2,100,NULL),(615,89,3,80,NULL),(616,89,5,80,NULL),(617,89,4,80,NULL),(618,89,7,90,NULL),(619,89,6,80,NULL),(620,90,1,60,NULL),(621,90,2,100,NULL),(622,90,3,80,NULL),(623,90,5,80,NULL),(624,90,4,100,NULL),(625,90,7,70,NULL),(626,90,6,100,NULL),(627,91,1,90,NULL),(628,91,2,90,NULL),(629,91,3,80,NULL),(630,91,5,80,NULL),(631,91,4,70,NULL),(632,91,7,90,NULL),(633,91,6,80,NULL),(634,92,1,80,NULL),(635,92,2,80,NULL),(636,92,3,90,NULL),(637,92,5,90,NULL),(638,92,4,90,NULL),(639,92,7,80,NULL),(640,92,6,80,NULL),(641,93,1,80,NULL),(642,93,2,100,NULL),(643,93,3,90,NULL),(644,93,5,80,NULL),(645,93,4,90,NULL),(646,93,7,80,NULL),(647,93,6,80,NULL),(648,94,1,90,NULL),(649,94,2,70,NULL),(650,94,3,100,NULL),(651,94,5,70,NULL),(652,94,4,90,NULL),(653,94,7,90,NULL),(654,94,6,90,NULL),(655,95,2,90,NULL),(656,95,1,90,NULL),(657,95,3,90,NULL),(658,95,5,70,NULL),(659,95,4,90,NULL),(660,95,7,80,NULL),(661,95,6,80,NULL),(662,96,2,90,NULL),(663,96,1,100,NULL),(664,96,3,80,NULL),(665,96,5,80,NULL),(666,96,4,90,NULL),(667,96,7,90,NULL),(668,96,6,90,NULL),(669,97,2,80,NULL),(670,97,1,100,NULL),(671,97,3,80,NULL),(672,97,5,90,NULL),(673,97,4,80,NULL),(674,97,7,80,NULL),(675,97,6,80,NULL),(676,98,2,80,NULL),(677,98,1,90,NULL),(678,98,3,90,NULL),(679,98,5,80,NULL),(680,98,4,80,NULL),(681,98,7,90,NULL),(682,98,6,90,NULL),(683,99,2,80,NULL),(684,99,1,80,NULL),(685,99,3,90,NULL),(686,99,5,100,NULL),(687,99,4,80,NULL),(688,99,7,90,NULL),(689,99,6,90,NULL),(690,102,2,100,NULL),(691,102,1,90,NULL),(692,102,3,90,NULL),(693,102,5,90,NULL),(694,102,4,100,NULL),(695,102,7,70,NULL),(696,102,6,80,NULL),(697,103,2,100,NULL),(698,103,1,60,NULL),(699,103,3,80,NULL),(700,103,5,90,NULL),(701,103,4,90,NULL),(702,103,7,90,NULL),(703,103,6,80,NULL),(704,104,2,90,NULL),(705,104,1,90,NULL),(706,104,3,90,NULL),(707,104,5,90,NULL),(708,104,4,80,NULL),(709,104,7,60,NULL),(710,104,6,90,NULL),(711,105,2,80,NULL),(712,105,1,80,NULL),(713,105,3,90,NULL),(714,105,5,80,NULL),(715,105,4,80,NULL),(716,105,7,70,NULL),(717,105,6,80,NULL),(718,106,2,100,NULL),(719,106,1,80,NULL),(720,106,3,80,NULL),(721,106,5,80,NULL),(722,106,4,90,NULL),(723,106,7,80,NULL),(724,106,6,70,NULL),(725,107,2,70,NULL),(726,107,1,90,NULL),(727,107,3,80,NULL),(728,107,5,80,NULL),(729,107,4,90,NULL),(730,107,7,80,NULL),(731,107,6,70,NULL),(732,108,2,90,NULL),(733,108,1,90,NULL),(734,108,3,80,NULL),(735,108,5,90,NULL),(736,108,4,100,NULL),(737,108,7,90,NULL),(738,108,6,80,NULL),(739,109,2,90,NULL),(740,109,1,100,NULL),(741,109,3,90,NULL),(742,109,5,70,NULL),(743,109,4,100,NULL),(744,109,7,90,NULL),(745,109,6,90,NULL),(746,110,2,80,NULL),(747,110,1,90,NULL),(748,110,3,90,NULL),(749,110,5,90,NULL),(750,110,4,90,NULL),(751,110,7,70,NULL),(752,110,6,80,NULL),(753,111,2,80,NULL),(754,111,1,80,NULL),(755,111,3,100,NULL),(756,111,5,100,NULL),(757,111,4,80,NULL),(758,111,7,90,NULL),(759,111,6,100,NULL),(760,112,2,80,NULL),(761,112,1,80,NULL),(762,112,3,90,NULL),(763,112,5,90,NULL),(764,112,4,90,NULL),(765,112,7,70,NULL),(766,112,6,70,NULL),(767,113,2,90,NULL),(768,113,1,100,NULL),(769,113,3,80,NULL),(770,113,5,80,NULL),(771,113,4,90,NULL),(772,113,7,90,NULL),(773,113,6,90,NULL),(774,114,2,90,NULL),(775,114,1,70,NULL),(776,114,3,80,NULL),(777,114,5,80,NULL),(778,114,4,100,NULL),(779,114,7,70,NULL),(780,114,6,70,NULL),(781,115,2,100,NULL),(782,115,1,90,NULL),(783,115,3,90,NULL),(784,115,5,90,NULL),(785,115,4,90,NULL),(786,115,7,90,NULL),(787,115,6,90,NULL),(788,116,2,90,NULL),(789,116,1,60,NULL),(790,116,3,80,NULL),(791,116,5,90,NULL),(792,116,4,80,NULL),(793,116,7,70,NULL),(794,116,6,90,NULL),(795,117,2,80,NULL),(796,117,1,90,NULL),(797,117,3,100,NULL),(798,117,5,80,NULL),(799,117,4,80,NULL),(800,117,7,70,NULL),(801,117,6,80,NULL),(802,118,2,80,NULL),(803,118,1,80,NULL),(804,118,3,70,NULL),(805,118,5,80,NULL),(806,118,4,100,NULL),(807,118,7,80,NULL),(808,118,6,80,NULL),(809,119,2,100,NULL),(810,119,1,80,NULL),(811,119,3,90,NULL),(812,119,5,80,NULL),(813,119,4,90,NULL),(814,119,7,60,NULL),(815,119,6,80,NULL),(816,120,2,70,NULL),(817,120,1,90,NULL),(818,120,3,90,NULL),(819,120,5,90,NULL),(820,120,4,80,NULL),(821,120,7,70,NULL),(822,120,6,90,NULL),(823,121,2,90,NULL),(824,121,1,90,NULL),(825,121,3,80,NULL),(826,121,5,80,NULL),(827,121,4,80,NULL),(828,121,7,80,NULL),(829,121,6,70,NULL),(830,122,2,60,NULL),(831,122,1,100,NULL),(832,122,3,80,NULL),(833,122,5,90,NULL),(834,122,4,80,NULL),(835,122,7,80,NULL),(836,122,6,90,NULL),(837,123,2,70,NULL),(838,123,1,90,NULL),(839,123,3,80,NULL),(840,123,5,100,NULL),(841,123,4,90,NULL),(842,123,7,90,NULL),(843,123,6,100,NULL),(844,124,2,80,NULL),(845,124,1,80,NULL),(846,124,3,90,NULL),(847,124,5,90,NULL),(848,124,4,80,NULL),(849,124,7,90,NULL),(850,124,6,90,NULL),(851,125,2,80,NULL),(852,125,1,80,NULL),(853,125,3,90,NULL),(854,125,5,80,NULL),(855,125,4,100,NULL),(856,125,7,70,NULL),(857,125,6,80,NULL),(858,126,2,90,NULL),(859,126,1,100,NULL),(860,126,3,100,NULL),(861,126,4,70,NULL),(862,126,5,80,NULL),(863,126,7,90,NULL),(864,126,6,80,NULL),(865,127,2,90,NULL),(866,127,1,70,NULL),(867,127,3,90,NULL),(868,127,4,90,NULL),(869,127,5,100,NULL),(870,127,7,90,NULL),(871,127,6,90,NULL),(872,128,2,100,NULL),(873,128,1,90,NULL),(874,128,3,80,NULL),(875,128,4,90,NULL),(876,128,5,90,NULL),(877,128,7,90,NULL),(878,128,6,90,NULL),(879,129,2,90,NULL),(880,129,1,60,NULL),(881,129,3,80,NULL),(882,129,4,80,NULL),(883,129,5,80,NULL),(884,129,7,80,NULL),(885,129,6,80,NULL),(886,130,2,80,NULL),(887,130,1,90,NULL),(888,130,3,100,NULL),(889,130,4,90,NULL),(890,130,5,80,NULL),(891,130,7,80,NULL),(892,130,6,80,NULL),(893,131,2,80,NULL),(894,131,1,80,NULL),(895,131,3,70,NULL),(896,131,4,90,NULL),(897,131,5,80,NULL),(898,131,7,80,NULL),(899,131,6,80,NULL),(900,132,2,100,NULL),(901,132,1,80,NULL),(902,132,3,90,NULL),(903,132,4,100,NULL),(904,132,5,90,NULL),(905,132,7,90,NULL),(906,132,6,90,NULL),(907,133,2,70,NULL),(908,133,1,90,NULL),(909,133,3,60,NULL),(910,133,4,90,NULL),(911,133,5,80,NULL),(912,133,7,90,NULL),(913,133,6,80,NULL),(914,134,2,90,NULL),(915,134,1,90,NULL),(916,134,3,70,NULL),(917,134,4,80,NULL),(918,134,5,100,NULL),(919,134,7,80,NULL),(920,134,6,90,NULL),(921,135,2,70,NULL),(922,135,1,100,NULL),(923,135,3,80,NULL),(924,135,4,80,NULL),(925,135,5,70,NULL),(926,135,7,70,NULL),(927,135,6,100,NULL),(928,136,2,80,NULL),(929,136,1,100,NULL),(930,136,3,80,NULL),(931,136,4,100,NULL),(932,136,5,70,NULL),(933,136,7,90,NULL),(934,136,6,90,NULL),(935,137,2,80,NULL),(936,137,1,90,NULL),(937,137,3,90,NULL),(938,137,4,90,NULL),(939,137,5,90,NULL),(940,137,7,60,NULL),(941,137,6,80,NULL),(942,138,2,80,NULL),(943,138,1,80,NULL),(944,138,3,90,NULL),(945,138,4,80,NULL),(946,138,5,80,NULL),(947,138,7,70,NULL),(948,138,6,70,NULL),(949,139,2,90,NULL),(950,139,1,100,NULL),(951,139,3,100,NULL),(952,139,4,70,NULL),(953,139,5,90,NULL),(954,139,7,80,NULL),(955,139,6,90,NULL),(956,140,2,90,NULL),(957,140,1,70,NULL),(958,140,3,90,NULL),(959,140,4,90,NULL),(960,140,5,90,NULL),(961,140,7,80,NULL),(962,140,6,70,NULL),(963,141,2,100,NULL),(964,141,1,90,NULL),(965,141,3,80,NULL),(966,141,4,60,NULL),(967,141,5,100,NULL),(968,141,7,90,NULL),(969,141,6,90,NULL),(970,142,2,100,NULL),(971,142,1,60,NULL),(972,142,3,80,NULL),(973,142,4,70,NULL),(974,142,5,90,NULL),(975,142,7,90,NULL),(976,142,6,70,NULL),(977,143,2,90,NULL),(978,143,1,90,NULL),(979,143,3,100,NULL),(980,143,4,80,NULL),(981,143,5,80,NULL),(982,143,7,70,NULL),(983,143,6,70,NULL),(984,144,2,80,NULL),(985,144,1,90,NULL),(986,144,3,90,NULL),(987,144,4,80,NULL),(988,144,5,80,NULL),(989,144,7,90,NULL),(990,144,6,80,NULL),(991,145,2,100,NULL),(992,145,1,80,NULL),(993,145,3,80,NULL),(994,145,4,90,NULL),(995,145,5,100,NULL),(996,145,7,80,NULL),(997,145,6,80,NULL),(998,146,2,70,NULL),(999,146,1,80,NULL),(1000,146,3,100,NULL),(1001,146,4,90,NULL),(1002,146,5,70,NULL),(1003,146,7,100,NULL),(1004,146,6,100,NULL),(1005,147,2,90,NULL),(1006,147,1,90,NULL),(1007,147,3,70,NULL),(1008,147,4,100,NULL),(1009,147,5,80,NULL),(1010,147,7,70,NULL),(1011,147,6,70,NULL),(1012,148,2,60,NULL),(1013,148,1,100,NULL),(1014,148,3,90,NULL),(1015,148,4,90,NULL),(1016,148,5,70,NULL),(1017,148,7,70,NULL),(1018,148,6,70,NULL),(1019,149,2,90,NULL),(1020,149,1,100,NULL),(1021,149,3,70,NULL),(1022,149,4,80,NULL),(1023,149,5,90,NULL),(1024,149,7,90,NULL),(1025,149,6,90,NULL),(1026,150,2,70,NULL),(1027,150,1,90,NULL),(1028,150,3,90,NULL),(1029,150,4,80,NULL),(1030,150,5,60,NULL),(1031,150,7,80,NULL),(1032,150,6,70,NULL),(1033,151,2,80,NULL),(1034,151,1,80,NULL),(1035,151,3,60,NULL),(1036,151,4,100,NULL),(1037,151,5,70,NULL),(1038,151,7,70,NULL),(1039,151,6,90,NULL),(1040,152,2,80,NULL),(1041,152,1,100,NULL),(1042,152,3,90,NULL),(1043,152,4,90,NULL),(1044,152,5,80,NULL),(1045,152,7,90,NULL),(1046,152,6,70,NULL),(1047,153,2,90,NULL),(1048,153,1,70,NULL),(1049,153,3,80,NULL),(1050,153,4,80,NULL),(1051,153,5,80,NULL),(1052,153,7,60,NULL),(1053,153,6,70,NULL),(1054,154,2,100,NULL),(1055,154,1,90,NULL),(1056,154,3,90,NULL),(1057,154,4,100,NULL),(1058,154,5,90,NULL),(1059,154,7,70,NULL),(1060,154,6,80,NULL),(1061,155,2,100,NULL),(1062,155,1,70,NULL),(1063,155,3,80,NULL),(1064,155,4,70,NULL),(1065,155,5,80,NULL),(1066,155,7,80,NULL),(1067,155,6,80,NULL),(1068,156,2,90,NULL),(1069,156,1,90,NULL),(1070,156,3,100,NULL),(1071,156,4,90,NULL),(1072,156,5,70,NULL),(1073,156,7,90,NULL),(1074,156,6,80,NULL),(1075,157,2,80,NULL),(1076,157,1,60,NULL),(1077,157,3,70,NULL),(1078,157,4,70,NULL),(1079,157,5,90,NULL),(1080,157,7,80,NULL),(1081,157,6,100,NULL),(1082,158,2,100,NULL),(1083,158,1,90,NULL),(1084,158,4,90,NULL),(1085,158,3,90,NULL),(1086,158,5,60,NULL),(1087,158,7,70,NULL),(1088,158,6,70,NULL),(1089,159,2,70,NULL),(1090,159,1,80,NULL),(1091,159,4,60,NULL),(1092,159,3,60,NULL),(1093,159,5,70,NULL),(1094,159,7,90,NULL),(1095,159,6,80,NULL),(1096,160,2,90,NULL),(1097,160,1,80,NULL),(1098,160,4,90,NULL),(1099,160,3,90,NULL),(1100,160,5,80,NULL),(1101,160,7,90,NULL),(1102,160,6,70,NULL),(1103,161,2,70,NULL),(1104,161,1,80,NULL),(1105,161,4,80,NULL),(1106,161,3,70,NULL),(1107,161,5,80,NULL),(1108,161,7,90,NULL),(1109,161,6,90,NULL),(1110,162,2,90,NULL),(1111,162,1,100,NULL),(1112,162,4,90,NULL),(1113,162,3,80,NULL),(1114,162,5,90,NULL),(1115,162,7,60,NULL),(1116,162,6,60,NULL),(1117,163,2,60,NULL),(1118,163,1,90,NULL),(1119,163,4,80,NULL),(1120,163,3,80,NULL),(1121,163,5,90,NULL),(1122,163,7,70,NULL),(1123,163,6,70,NULL),(1124,165,2,80,NULL),(1125,165,1,100,NULL),(1126,165,4,70,NULL),(1127,165,3,100,NULL),(1128,165,5,90,NULL),(1129,165,7,80,NULL),(1130,165,6,80,NULL),(1131,166,1,NULL,NULL),(1132,166,3,NULL,NULL);
/*!40000 ALTER TABLE `register` ENABLE KEYS */;
UNLOCK TABLES;

--
-- Table structure for table `student`
--

DROP TABLE IF EXISTS `student`;
/*!40101 SET @saved_cs_client     = @@character_set_client */;
 SET character_set_client = utf8mb4 ;
CREATE TABLE `student` (
  `id` int(11) NOT NULL AUTO_INCREMENT,
  `studentNumber` varchar(50) NOT NULL,
  `name` varchar(50) CHARACTER SET utf8mb4 COLLATE utf8mb4_0900_ai_ci NOT NULL,
  `departmentId` int(11) NOT NULL,
  `year` int(11) NOT NULL,
  PRIMARY KEY (`id`),
  KEY `FK_Student_Department` (`departmentId`),
  CONSTRAINT `FK_Student_Department` FOREIGN KEY (`departmentId`) REFERENCES `department` (`id`)
) ENGINE=InnoDB AUTO_INCREMENT=168 DEFAULT CHARSET=utf8;
/*!40101 SET character_set_client = @saved_cs_client */;

--
-- Dumping data for table `student`
--

LOCK TABLES `student` WRITE;
/*!40000 ALTER TABLE `student` DISABLE KEYS */;
INSERT INTO `student` VALUES (1,'200032001','고은',2,2),(2,'200032002','고은별',1,1),(3,'200032003','고정희',3,2),(4,'200032004','곽재구',1,2),(5,'200032005','기형도',1,1),(6,'200032006','김경호',1,2),(7,'200032007','김관식',1,1),(8,'200032008','김광균',1,1),(9,'200032009','김광섭',1,2),(10,'200032010','김기린',1,2),(11,'200032011','김기만',1,2),(12,'200032012','김남조',1,2),(13,'200032013','김동명',1,2),(14,'200032014','김동환',1,2),(15,'200032015','김미선',1,2),(16,'200032016','김상용',1,3),(17,'200032017','김소엽',1,3),(18,'200032018','김소월',1,3),(19,'200032019','김수영',1,3),(20,'200032020','김억',1,3),(21,'200032021','김여정',1,3),(22,'200032022','김영랑',1,3),(23,'200032023','김영승',1,3),(24,'200032024','김영주',1,3),(25,'200032025','김영현',1,3),(26,'200032026','김용택',1,1),(27,'200032027','김윤미',1,3),(28,'200032028','김일곤',1,1),(29,'200032029','김정환',1,1),(30,'200032030','김조화',1,3),(31,'200132001','김종삼',1,1),(32,'200132002','김지하',1,3),(33,'200132003','김초혜',1,2),(34,'200132004','김춘수',1,2),(35,'200132005','김현승',2,2),(36,'200132006','김혜기',1,2),(37,'200132007','김홍숙',1,2),(38,'200132008','김희',1,3),(39,'200132009','나태주',1,3),(40,'200132010','나해철',1,1),(41,'200132011','나혁채',1,1),(42,'200132012','노천명',1,1),(43,'200132013','도종환',1,3),(44,'200132014','류경우',1,1),(45,'200132015','류소진',1,1),(46,'200132016','류시화',1,3),(47,'200132017','류정숙',1,3),(48,'200132018','마광수',1,3),(49,'200132019','마종기',1,3),(50,'200132020','모윤숙',2,1),(51,'200132021','문병란',2,1),(52,'200132022','문부식',2,1),(53,'200132023','민초희',2,2),(54,'200132024','박공배',2,1),(55,'200132025','박기남',2,2),(56,'200132026','박노해',2,2),(57,'200132027','박렬',2,2),(58,'200132028','박목월',2,2),(59,'200132029','박성룡',2,2),(60,'200132030','박영남',2,2),(61,'200232001','박용래',2,2),(62,'200232002','박용재',2,2),(63,'200232003','박용주',2,2),(64,'200232004','박용철',2,2),(65,'200232005','박인환',2,3),(66,'200232006','박재삼',2,3),(67,'200232007','박정하',2,3),(68,'200232008','박진환',2,3),(69,'200232009','박흥준',2,3),(70,'200232010','박희진',2,1),(71,'200232011','백무산',2,3),(72,'200232012','변영로',2,1),(73,'200232013','복효근',2,1),(74,'200232014','서안나',2,1),(75,'200232015','서정윤',2,1),(76,'200232016','서정주',2,3),(77,'200232017','성지희',2,1),(78,'200232018','손종일',2,1),(79,'200232019','송근영',2,3),(80,'200232020','송기원',2,3),(81,'200232021','송명',2,3),(82,'200232022','송명호',2,3),(83,'200232023','송종철',2,3),(84,'200232024','신경림',2,1),(85,'200232025','신달자',2,1),(86,'200232026','신대철',2,3),(87,'200232027','신동엽',2,1),(88,'200232028','신동춘',2,1),(89,'200232029','신석정',2,1),(90,'200232030','신재순',2,1),(91,'200332001','신진호',2,1),(92,'200332002','신효정',2,1),(93,'200332003','심훈',2,1),(94,'200332004','안도현',2,1),(95,'200332005','안상학',2,1),(96,'200332006','엄원태',2,3),(97,'200332007','여경희',2,3),(98,'200332008','오세영',2,3),(99,'200332009','오순화',2,2),(102,'200332010','유병옥',3,2),(103,'200332011','유안진',3,2),(104,'200332012','유치환',3,2),(105,'200332013','유하',3,2),(106,'200332014','유환숙',3,2),(107,'200332015','윤동주',3,2),(108,'200332016','이강원',3,2),(109,'200332017','이경아',3,2),(110,'200332018','이규경',3,2),(111,'200332019','이규호',3,1),(112,'200332020','이동식',3,1),(113,'200332021','이문제',3,1),(114,'200332022','이병기',3,1),(115,'200332023','이병우',3,3),(116,'200332024','이상',3,3),(117,'200332025','이상화',3,3),(118,'200332026','이생진',3,3),(119,'200332027','이성복',3,3),(120,'200332028','이세룡',3,3),(121,'200332029','이수익',3,3),(122,'200332030','이시영',3,3),(123,'200432001','이연주',3,3),(124,'200432002','이영도',3,2),(125,'200432003','이외수',3,2),(126,'200432004','이육사',3,2),(127,'200432005','이은상',3,2),(128,'200432006','이정하',3,2),(129,'200432007','이해인',3,2),(130,'200432008','이형기',3,3),(131,'200432009','임신행',3,2),(132,'200432010','임영봉',3,2),(133,'200432011','장달식',3,3),(134,'200432012','장만영',3,3),(135,'200432013','장서언',3,3),(136,'200432014','장석남',3,3),(137,'200432015','장정일',3,3),(138,'200432016','정기석',3,3),(139,'200432017','정두리',3,3),(140,'200432018','정민기',3,3),(141,'200432019','정세훈',3,1),(142,'200432020','정유정',3,1),(143,'200432021','정현종',3,1),(144,'200432022','정호승',3,1),(145,'200432023','조동진',3,1),(146,'200432024','조병화',3,1),(147,'200432025','조정권',3,1),(148,'200432026','조지훈',3,1),(149,'200432027','주요한',3,1),(150,'200432028','천상병',3,1),(151,'200432029','천승세',3,1),(152,'200432030','최복현',3,3),(153,'200532001','최영미',3,3),(154,'200532002','최예선',3,2),(155,'200532003','최은하',3,2),(156,'200532004','한계섭',3,2),(157,'200532005','한용운',3,3),(158,'200532006','한하운',3,3),(159,'200532007','함석헌',3,1),(160,'200532008','황금찬',3,1),(161,'200532009','황동규',3,1),(162,'200532010','황석우',3,1),(163,'200532011','황인숙',3,1),(165,'200532012','황지하',3,1),(166,'200532013','강감찬',2,1),(167,'200532014','홍길동',1,3);
/*!40000 ALTER TABLE `student` ENABLE KEYS */;
UNLOCK TABLES;

--
-- Table structure for table `user`
--

DROP TABLE IF EXISTS `user`;
/*!40101 SET @saved_cs_client     = @@character_set_client */;
 SET character_set_client = utf8mb4 ;
CREATE TABLE `user` (
  `id` int(11) NOT NULL AUTO_INCREMENT,
  `userid` varchar(50) NOT NULL,
  `password` varchar(500) NOT NULL,
  `name` varchar(50) NOT NULL,
  `email` varchar(50) NOT NULL,
  `departmentId` int(11) NOT NULL,
  `enabled` tinyint(1) NOT NULL,
  `userType` varchar(50) NOT NULL,
  PRIMARY KEY (`id`)
) ENGINE=InnoDB AUTO_INCREMENT=74 DEFAULT CHARSET=utf8 COMMENT='	';
/*!40101 SET character_set_client = @saved_cs_client */;

--
-- Dumping data for table `user`
--

LOCK TABLES `user` WRITE;
/*!40000 ALTER TABLE `user` DISABLE KEYS */;
INSERT INTO `user` VALUES (1,'admin','cc3e747a6afbbcbf8be7668acfebee5','관리자','lsj@skhu.ac.kr',4,1,'관리자'),(2,'lsj','cc3e747a6afbbcbf8be7668acfebee5','이승진','lsj@skhu.ac.kr',4,1,'교수'),(3,'hong','cc3e747a6afbbcbf8be7668acfebee5','홍은지','hong@skhu.ac.kr',4,1,'교수'),(5,'200132003','cc3e747a6afbbcbf8be7668acfebee5','김연정','200132003@skhu.ac.kr',4,1,'학생'),(6,'200132008','cc3e747a6afbbcbf8be7668acfebee5','김훈준','200132008@skhu.ac.kr',4,1,'학생'),(7,'200132009','cc3e747a6afbbcbf8be7668acfebee5','김철지','200132009@skhu.ac.kr',4,1,'학생'),(8,'200132010','cc3e747a6afbbcbf8be7668acfebee5','박수종','200132010@skhu.ac.kr',4,1,'학생'),(9,'200132016','cc3e747a6afbbcbf8be7668acfebee5','배수민','200132016@skhu.ac.kr',4,1,'학생'),(10,'200132019','cc3e747a6afbbcbf8be7668acfebee5','이우홍','200132019@skhu.ac.kr',4,1,'학생'),(11,'200132029','cc3e747a6afbbcbf8be7668acfebee5','임렬영','200132029@skhu.ac.kr',4,1,'학생'),(12,'200132030','cc3e747a6afbbcbf8be7668acfebee5','장지우','200132030@skhu.ac.kr',4,1,'학생'),(13,'200132032','cc3e747a6afbbcbf8be7668acfebee5','조진기','200132032@skhu.ac.kr',4,1,'학생'),(14,'200132037','cc3e747a6afbbcbf8be7668acfebee5','천원윤','200832037@skhu.ac.kr',4,1,'학생'),(15,'200132039','cc3e747a6afbbcbf8be7668acfebee5','고태범','200132039@skhu.ac.kr',4,1,'학생'),(16,'200232003','cc3e747a6afbbcbf8be7668acfebee5','김석덕','200232003@skhu.ac.kr',4,1,'학생'),(17,'200232004','cc3e747a6afbbcbf8be7668acfebee5','김현민','200232004@skhu.ac.kr',4,1,'학생'),(18,'200232005','cc3e747a6afbbcbf8be7668acfebee5','김기승','200232005@skhu.ac.kr',4,1,'학생'),(19,'200232009','cc3e747a6afbbcbf8be7668acfebee5','김일이','200232009@skhu.ac.kr',4,1,'학생'),(20,'200232010','cc3e747a6afbbcbf8be7668acfebee5','유슬한','200232010@skhu.ac.kr',4,1,'학생'),(21,'200232022','cc3e747a6afbbcbf8be7668acfebee5','이민보','200232022@skhu.ac.kr',4,1,'학생'),(22,'200232023','cc3e747a6afbbcbf8be7668acfebee5','양빈회','200232023@skhu.ac.kr',4,1,'학생'),(23,'200232024','cc3e747a6afbbcbf8be7668acfebee5','이범진','200132024@skhu.ac.kr',4,1,'학생'),(24,'200232025','cc3e747a6afbbcbf8be7668acfebee5','장수규','200232025@skhu.ac.kr',4,1,'학생'),(25,'200232026','cc3e747a6afbbcbf8be7668acfebee5','전섭근','200232026@skhu.ac.kr',4,1,'학생'),(26,'200232027','cc3e747a6afbbcbf8be7668acfebee5','정배래','200232027@skhu.ac.kr',4,1,'학생'),(27,'200232030','cc3e747a6afbbcbf8be7668acfebee5','진훈주','200232030@skhu.ac.kr',4,1,'학생'),(28,'200232035','cc3e747a6afbbcbf8be7668acfebee5','한영인','200232035@skhu.ac.kr',4,1,'학생'),(29,'200232037','cc3e747a6afbbcbf8be7668acfebee5','허택철','200232037@skhu.ac.kr',4,1,'학생'),(30,'200232039','cc3e747a6afbbcbf8be7668acfebee5','김현기','200232039@skhu.ac.kr',4,1,'학생'),(31,'200332005','cc3e747a6afbbcbf8be7668acfebee5','김훈성','200332005@skhu.ac.kr',4,1,'학생'),(32,'200332006','cc3e747a6afbbcbf8be7668acfebee5','김일주','200332006@skhu.ac.kr',4,1,'학생'),(33,'200332009','cc3e747a6afbbcbf8be7668acfebee5','김성지','200332009@skhu.ac.kr',4,1,'학생'),(34,'200332011','cc3e747a6afbbcbf8be7668acfebee5','김욱지','200332011@skhu.ac.kr',4,1,'학생'),(35,'200332012','cc3e747a6afbbcbf8be7668acfebee5','노은태','200332012@skhu.ac.kr',4,1,'학생'),(36,'200332014','cc3e747a6afbbcbf8be7668acfebee5','라웅은','200332014@skhu.ac.kr',4,1,'학생'),(37,'200332015','cc3e747a6afbbcbf8be7668acfebee5','문정광','200332015@skhu.ac.kr',4,1,'학생'),(38,'200332016','cc3e747a6afbbcbf8be7668acfebee5','백훈승','200332016@skhu.ac.kr',4,1,'학생'),(39,'200332020','cc3e747a6afbbcbf8be7668acfebee5','안호지','200332020@skhu.ac.kr',4,1,'학생'),(40,'200332023','cc3e747a6afbbcbf8be7668acfebee5','전은소','200332023@skhu.ac.kr',4,1,'학생'),(41,'200332030','cc3e747a6afbbcbf8be7668acfebee5','권정오','200332030@skhu.ac.kr',4,1,'학생'),(42,'200432004','cc3e747a6afbbcbf8be7668acfebee5','김현소','200432004@skhu.ac.kr',4,1,'학생'),(43,'200432007','cc3e747a6afbbcbf8be7668acfebee5','김희유','200432007@skhu.ac.kr',4,1,'학생'),(44,'200432008','cc3e747a6afbbcbf8be7668acfebee5','김정현','200432008@skhu.ac.kr',4,1,'학생'),(45,'200432011','cc3e747a6afbbcbf8be7668acfebee5','박이은','200432011@skhu.ac.kr',4,1,'학생'),(46,'200432014','cc3e747a6afbbcbf8be7668acfebee5','배선지','200432014@skhu.ac.kr',4,1,'학생'),(47,'200432017','cc3e747a6afbbcbf8be7668acfebee5','안현지','200432017@skhu.ac.kr',4,1,'학생'),(48,'200432021','cc3e747a6afbbcbf8be7668acfebee5','유은다','200432021@skhu.ac.kr',4,1,'학생'),(49,'200432024','cc3e747a6afbbcbf8be7668acfebee5','최솜진','200432024@skhu.ac.kr',4,1,'학생'),(50,'200432037','cc3e747a6afbbcbf8be7668acfebee5','최실태','200432037@skhu.ac.kr',4,1,'학생'),(51,'200432038','cc3e747a6afbbcbf8be7668acfebee5','송은주','200432038@skhu.ac.kr',4,1,'학생'),(52,'200432043','cc3e747a6afbbcbf8be7668acfebee5','조영제','200432043@skhu.ac.kr',4,1,'학생'),(53,'200231037','cc3e747a6afbbcbf8be7668acfebee5','강일한','200931037@skhu.ac.kr',4,1,'학생'),(54,'200121005','cc3e747a6afbbcbf8be7668acfebee5','강별하','201021005@skhu.ac.kr',4,1,'학생'),(55,'200431001','cc3e747a6afbbcbf8be7668acfebee5','심동성','200431001@skhu.ac.kr',4,1,'학생'),(56,'200431020','cc3e747a6afbbcbf8be7668acfebee5','이현윤','200431020@skhu.ac.kr',4,1,'학생'),(57,'200431027','cc3e747a6afbbcbf8be7668acfebee5','이환희','200431027@skhu.ac.kr',4,1,'학생'),(58,'200431032','cc3e747a6afbbcbf8be7668acfebee5','황영성','200431032@skhu.ac.kr',4,1,'학생'),(59,'200431043','cc3e747a6afbbcbf8be7668acfebee5','이하동','200431043@skhu.ac.kr',4,1,'학생'),(60,'200434017','cc3e747a6afbbcbf8be7668acfebee5','임후다','200434017@skhu.ac.kr',4,1,'학생'),(61,'200531034','cc3e747a6afbbcbf8be7668acfebee5','고솜민','200531034@skhu.ac.kr',4,1,'학생'),(62,'200731001','cc3e747a6afbbcbf8be7668acfebee5','김정예','200731001@skhu.ac.kr',4,1,'학생'),(63,'200731040','cc3e747a6afbbcbf8be7668acfebee5','김진의','200731040@skhu.ac.kr',4,1,'학생'),(64,'200733007','cc3e747a6afbbcbf8be7668acfebee5','박산정','200733007@skhu.ac.kr',4,1,'학생'),(65,'200733017','cc3e747a6afbbcbf8be7668acfebee5','강하혜','200733017@skhu.ac.kr',4,1,'학생'),(66,'200231002','cc3e747a6afbbcbf8be7668acfebee5','김빈채','201311002@skhu.ac.kr',4,1,'학생'),(67,'200632006','cc3e747a6afbbcbf8be7668acfebee5','박원종','200632006@skhu.ac.kr',4,1,'학생'),(68,'200632011','cc3e747a6afbbcbf8be7668acfebee5','성희화','200632011@skhu.ac.kr',4,1,'학생'),(69,'200632018','cc3e747a6afbbcbf8be7668acfebee5','용정석','200632018@skhu.ac.kr',4,1,'학생'),(70,'200632021','cc3e747a6afbbcbf8be7668acfebee5','최훈유','200632021@skhu.ac.kr',4,1,'학생'),(71,'200632036','cc3e747a6afbbcbf8be7668acfebee5','홍정민','200632036@skhu.ac.kr',4,1,'학생'),(72,'200632040','cc3e747a6afbbcbf8be7668acfebee5','황재선','200632040@skhu.ac.kr',4,1,'학생'),(73,'200632041','cc3e747a6afbbcbf8be7668acfebee5','최영유','200632041@skhu.ac.kr',4,1,'학생');
/*!40000 ALTER TABLE `user` ENABLE KEYS */;
UNLOCK TABLES;
/*!40103 SET TIME_ZONE=@OLD_TIME_ZONE */;

/*!40101 SET SQL_MODE=@OLD_SQL_MODE */;
/*!40014 SET FOREIGN_KEY_CHECKS=@OLD_FOREIGN_KEY_CHECKS */;
/*!40014 SET UNIQUE_CHECKS=@OLD_UNIQUE_CHECKS */;
/*!40101 SET CHARACTER_SET_CLIENT=@OLD_CHARACTER_SET_CLIENT */;
/*!40101 SET CHARACTER_SET_RESULTS=@OLD_CHARACTER_SET_RESULTS */;
/*!40101 SET COLLATION_CONNECTION=@OLD_COLLATION_CONNECTION */;
/*!40111 SET SQL_NOTES=@OLD_SQL_NOTES */;

-- Dump completed on 2018-12-30 13:39:26
